<?xml version="1.0" encoding="UTF-8"?>

<hibernate-configuration>
    <session-factory>

        <!-- JDBC Connection Settings -->
        <property name="hibernate.connection.driver_class">com.mysql.cj.jdbc.Driver</property>
        <property name="hibernate.connection.url">jdbc:mysql://localhost:3306/miniproject</property>
        <property name="hibernate.connection.username">root</property>
        <property name="hibernate.connection.password">Ananya@2003</property>

        <!-- Hibernate-Properties -->
        <property name="hibernate.dialect">org.hibernate.dialect.MySQL8Dialect</property>
        <property name="hibernate.hbm2ddl.auto">update</property>
        <property name="show_sql">true</property>
        <property name="format_sql">true</property>

        <!-- Mapping Entity Class -->
        <mapping class="com.gqt.Student"/>        

    </session-factory>
</hibernate-configuration>